sample_id,mission,drug_name,formulation,days_in_space,start_date,end_date,total_exposure_hours,number_of_measurements,radiation_coverage_percent,mean_dose_rate_uGy_h,mean_daily_dose_rate_uGy_d,median_dose_rate_uGy_h,std_dose_rate_uGy_h,min_dose_rate_uGy_h,max_dose_rate_uGy_h,estimated_cumulative_iss_dose_mGy,dosimetry_method,dosimetry_nature
DS01_01,SpX-15,Caffeine,Tablet,199,2018-07-02,2019-01-17,4776.0,354953,99.79,29.7908,714.98,5.3019,82.1209,1.14,775.0404,142.281,DosTel 1+2 Environmental Time-Integrated Telemetry (Columbus Module),Environmental ISS ambient estimate (not direct sample dosimeter)
DS01_02,SpX-15,Diphenhydramine,Capsule,424,2018-07-02,2019-08-30,10176.0,764097,99.9,31.134,747.22,5.3409,86.1137,1.14,778.4121,316.819,DosTel 1+2 Environmental Time-Integrated Telemetry (Columbus Module),Environmental ISS ambient estimate (not direct sample dosimeter)
DS01_03,SpX-15,Diphenhydramine,Solution,424,2018-07-02,2019-08-30,10176.0,764097,99.9,31.134,747.22,5.3409,86.1137,1.14,778.4121,316.819,DosTel 1+2 Environmental Time-Integrated Telemetry (Columbus Module),Environmental ISS ambient estimate (not direct sample dosimeter)
DS01_04,SpX-15,Epinephrine,Autoinjector,424,2018-07-02,2019-08-30,10176.0,764097,99.9,31.134,747.22,5.3409,86.1137,1.14,778.4121,316.819,DosTel 1+2 Environmental Time-Integrated Telemetry (Columbus Module),Environmental ISS ambient estimate (not direct sample dosimeter)
DS01_05,SpX-15,Lidocaine,Solution,424,2018-07-02,2019-08-30,10176.0,764097,99.9,31.134,747.22,5.3409,86.1137,1.14,778.4121,316.819,DosTel 1+2 Environmental Time-Integrated Telemetry (Columbus Module),Environmental ISS ambient estimate (not direct sample dosimeter)
DS01_06,SpX-15,Naloxone,Solution,424,2018-07-02,2019-08-30,10176.0,764097,99.9,31.134,747.22,5.3409,86.1137,1.14,778.4121,316.819,DosTel 1+2 Environmental Time-Integrated Telemetry (Columbus Module),Environmental ISS ambient estimate (not direct sample dosimeter)
DS01_07,SpX-15,Promethazine,Solution,424,2018-07-02,2019-08-30,10176.0,764097,99.9,31.134,747.22,5.3409,86.1137,1.14,778.4121,316.819,DosTel 1+2 Environmental Time-Integrated Telemetry (Columbus Module),Environmental ISS ambient estimate (not direct sample dosimeter)
DS01_08,SpX-15,Promethazine,Tablet,199,2018-07-02,2019-01-17,4776.0,354953,99.79,29.7908,714.98,5.3019,82.1209,1.14,775.0404,142.281,DosTel 1+2 Environmental Time-Integrated Telemetry (Columbus Module),Environmental ISS ambient estimate (not direct sample dosimeter)
DS01_09,SpX-16,Caffeine,Tablet,265,2018-12-08,2019-08-30,6360.0,481689,100.0,31.9796,767.51,5.3596,88.516,1.14,778.4121,203.39,DosTel 1+2 Environmental Time-Integrated Telemetry (Columbus Module),Environmental ISS ambient estimate (not direct sample dosimeter)
DS01_10,SpX-16,Promethazine,Tablet,265,2018-12-08,2019-08-30,6360.0,481689,100.0,31.9796,767.51,5.3596,88.516,1.14,778.4121,203.39,DosTel 1+2 Environmental Time-Integrated Telemetry (Columbus Module),Environmental ISS ambient estimate (not direct sample dosimeter)
DS01_11,SpX-17,Epinephrine,Autoinjector,248,2019-05-06,2020-01-09,5952.0,323828,94.33,33.1951,796.68,5.401,91.8407,1.2074,778.4121,197.577,DosTel 1+2 Environmental Time-Integrated Telemetry (Columbus Module),Environmental ISS ambient estimate (not direct sample dosimeter)
DS01_12,NG-11,Diphenhydramine,Solution,132,2019-04-19,2019-08-29,3168.0,240465,100.0,33.062,793.49,5.3903,91.7185,1.2549,778.4121,104.74,DosTel 1+2 Environmental Time-Integrated Telemetry (Columbus Module),Environmental ISS ambient estimate (not direct sample dosimeter)
DS01_13,NG-11,Lidocaine,Solution,132,2019-04-19,2019-08-29,3168.0,240465,100.0,33.062,793.49,5.3903,91.7185,1.2549,778.4121,104.74,DosTel 1+2 Environmental Time-Integrated Telemetry (Columbus Module),Environmental ISS ambient estimate (not direct sample dosimeter)
DS01_14,NG-11,Promethazine,Solution,132,2019-04-19,2019-08-29,3168.0,240465,100.0,33.062,793.49,5.3903,91.7185,1.2549,778.4121,104.74,DosTel 1+2 Environmental Time-Integrated Telemetry (Columbus Module),Environmental ISS ambient estimate (not direct sample dosimeter)
DS01_15,SpX-18,Caffeine,Tablet,166,2019-07-27,2020-01-09,3984.0,174513,91.53,33.2538,798.09,5.4173,91.6396,1.2074,776.8041,132.483,DosTel 1+2 Environmental Time-Integrated Telemetry (Columbus Module),Environmental ISS ambient estimate (not direct sample dosimeter)
DS01_16,SpX-18,Diazepam,Solution,166,2019-07-27,2020-01-09,3984.0,174513,91.53,33.2538,798.09,5.4173,91.6396,1.2074,776.8041,132.483,DosTel 1+2 Environmental Time-Integrated Telemetry (Columbus Module),Environmental ISS ambient estimate (not direct sample dosimeter)
DS01_17,SpX-18,Diphenhydramine,Capsule,257,2019-07-27,2020-04-09,6168.0,280683,94.53,31.6083,758.6,5.3353,89.2255,1.2074,776.8041,194.96,DosTel 1+2 Environmental Time-Integrated Telemetry (Columbus Module),Environmental ISS ambient estimate (not direct sample dosimeter)
DS01_18,SpX-18,Diphenhydramine,Solution,257,2019-07-27,2020-04-09,6168.0,280683,94.53,31.6083,758.6,5.3353,89.2255,1.2074,776.8041,194.96,DosTel 1+2 Environmental Time-Integrated Telemetry (Columbus Module),Environmental ISS ambient estimate (not direct sample dosimeter)
DS01_19,SpX-18,Ketamine,Solution,257,2019-07-27,2020-04-09,6168.0,280683,94.53,31.6083,758.6,5.3353,89.2255,1.2074,776.8041,194.96,DosTel 1+2 Environmental Time-Integrated Telemetry (Columbus Module),Environmental ISS ambient estimate (not direct sample dosimeter)
DS01_20,SpX-18,Lidocaine,Solution,257,2019-07-27,2020-04-09,6168.0,280683,94.53,31.6083,758.6,5.3353,89.2255,1.2074,776.8041,194.96,DosTel 1+2 Environmental Time-Integrated Telemetry (Columbus Module),Environmental ISS ambient estimate (not direct sample dosimeter)
DS01_21,SpX-18,Naloxone,Solution,257,2019-07-27,2020-04-09,6168.0,280683,94.53,31.6083,758.6,5.3353,89.2255,1.2074,776.8041,194.96,DosTel 1+2 Environmental Time-Integrated Telemetry (Columbus Module),Environmental ISS ambient estimate (not direct sample dosimeter)
DS01_22,SpX-18,Promethazine,Solution,257,2019-07-27,2020-04-09,6168.0,280683,94.53,31.6083,758.6,5.3353,89.2255,1.2074,776.8041,194.96,DosTel 1+2 Environmental Time-Integrated Telemetry (Columbus Module),Environmental ISS ambient estimate (not direct sample dosimeter)
DS01_23,SpX-18,Promethazine,Tablet,257,2019-07-27,2020-04-09,6168.0,280683,94.53,31.6083,758.6,5.3353,89.2255,1.2074,776.8041,194.96,DosTel 1+2 Environmental Time-Integrated Telemetry (Columbus Module),Environmental ISS ambient estimate (not direct sample dosimeter)
DS01_24,SpX-20,Caffeine,Tablet,313,2020-03-09,2021-01-16,7512.0,339409,90.32,29.0349,696.84,5.2027,86.222,0.0359,764.4428,218.11,DosTel 1+2 Environmental Time-Integrated Telemetry (Columbus Module),Environmental ISS ambient estimate (not direct sample dosimeter)
DS01_25,SpX-20,Diazepam,Solution,972,2020-03-09,2022-11-06,23328.0,1335265,76.61,29.9611,719.07,5.205,89.9476,0.0359,865.2253,698.933,DosTel 1+2 Environmental Time-Integrated Telemetry (Columbus Module),Environmental ISS ambient estimate (not direct sample dosimeter)
DS01_26,SpX-20,Diphenhydramine,Capsule,490,2020-03-09,2021-07-12,11760.0,707221,93.81,29.8892,717.34,5.2114,89.4552,0.0359,865.2253,351.497,DosTel 1+2 Environmental Time-Integrated Telemetry (Columbus Module),Environmental ISS ambient estimate (not direct sample dosimeter)
DS01_27,SpX-20,Diphenhydramine,Solution,490,2020-03-09,2021-07-12,11760.0,707221,93.81,29.8892,717.34,5.2114,89.4552,0.0359,865.2253,351.497,DosTel 1+2 Environmental Time-Integrated Telemetry (Columbus Module),Environmental ISS ambient estimate (not direct sample dosimeter)
DS01_28,SpX-20,Ketamine,Solution,490,2020-03-09,2021-07-12,11760.0,707221,93.81,29.8892,717.34,5.2114,89.4552,0.0359,865.2253,351.497,DosTel 1+2 Environmental Time-Integrated Telemetry (Columbus Module),Environmental ISS ambient estimate (not direct sample dosimeter)
DS01_29,SpX-20,Lidocaine,Solution,490,2020-03-09,2021-07-12,11760.0,707221,93.81,29.8892,717.34,5.2114,89.4552,0.0359,865.2253,351.497,DosTel 1+2 Environmental Time-Integrated Telemetry (Columbus Module),Environmental ISS ambient estimate (not direct sample dosimeter)
DS01_30,SpX-20,Naloxone,Solution,573,2020-03-09,2021-10-03,13752.0,905958,94.71,29.9381,718.51,5.2258,89.7277,0.0359,865.2253,411.708,DosTel 1+2 Environmental Time-Integrated Telemetry (Columbus Module),Environmental ISS ambient estimate (not direct sample dosimeter)
DS01_31,SpX-20,Promethazine,Solution,490,2020-03-09,2021-07-12,11760.0,707221,93.81,29.8892,717.34,5.2114,89.4552,0.0359,865.2253,351.497,DosTel 1+2 Environmental Time-Integrated Telemetry (Columbus Module),Environmental ISS ambient estimate (not direct sample dosimeter)
DS01_32,SpX-20,Promethazine,Tablet,313,2020-03-09,2021-01-16,7512.0,339409,90.32,29.0349,696.84,5.2027,86.222,0.0359,764.4428,218.11,DosTel 1+2 Environmental Time-Integrated Telemetry (Columbus Module),Environmental ISS ambient estimate (not direct sample dosimeter)
