sample_id,mission,drug_name,formulation,dosage,days_expired,manufacturer,packaging,start_date,end_date,days_in_space,total_exposure_hours,radiation_measurements_count,radiation_coverage_percent,mean_dose_rate_uGy_h,mean_daily_dose_rate_uGy_d,median_dose_rate_uGy_h,std_dose_rate_uGy_h,min_dose_rate_uGy_h,max_dose_rate_uGy_h,estimated_cumulative_iss_dose_mGy,dosimetry_nature,pubchem_cid,molecular_weight_gmol,xlogp,tpsa_angstrom2,rotatable_bonds,hbond_donors,hbond_acceptors,heavy_atom_count,molecular_complexity,inchikey,isomeric_smiles,flight_percent_api_remaining,ground_control_percent_api_remaining,relative_percent_diff_vs_control,outcome_extraction_status,sd_ground_control_api,sd_flight_api,anova_p_value_exposure,outcome_source,outcome_extraction_method
DS01_01,SpX-15,Caffeine,Tablet,200 mg,1584,Major,Amber ziplock (JSC),2018-07-02,2019-01-17,199,4776.0,354953,99.79,29.7908,714.98,5.3019,82.1209,1.14,775.0404,142.281,Environmental ISS ambient estimate (not direct sample dosimeter),2519,194.19,-0.1,58.4,0,0,3,14,293.0,RYYVLZVUVIJVGH-UHFFFAOYSA-N,,96.2,101.5,-5.22,EXTRACTED_AND_VERIFIED,2.1,2.4,ns,Nowadly et al. (2026) Figures 2 & 3,Calibrated optical digitization of UHPLC-MS/MS assay data
DS01_02,SpX-15,Diphenhydramine,Capsule,25 mg,1096,Major,Blister pack (MFR),2018-07-02,2019-08-30,424,10176.0,764097,99.9,31.134,747.22,5.3409,86.1137,1.14,778.4121,316.819,Environmental ISS ambient estimate (not direct sample dosimeter),3100,255.35,3.3,12.5,6,0,2,19,211.0,ZZVUWRFHKOJYTH-UHFFFAOYSA-N,,93.4,99.8,-6.41,EXTRACTED_AND_VERIFIED,1.9,2.2,ns,Nowadly et al. (2026) Figures 2 & 3,Calibrated optical digitization of UHPLC-MS/MS assay data
DS01_03,SpX-15,Diphenhydramine,Solution,50 mg/mL,1523,West-Ward,Single-dose vial (MFR),2018-07-02,2019-08-30,424,10176.0,764097,99.9,31.134,747.22,5.3409,86.1137,1.14,778.4121,316.819,Environmental ISS ambient estimate (not direct sample dosimeter),3100,255.35,3.3,12.5,6,0,2,19,211.0,ZZVUWRFHKOJYTH-UHFFFAOYSA-N,,95.8,102.1,-6.17,EXTRACTED_AND_VERIFIED,2.3,2.5,ns,Nowadly et al. (2026) Figures 2 & 3,Calibrated optical digitization of UHPLC-MS/MS assay data
DS01_04,SpX-15,Epinephrine,Autoinjector,0.1 mg/mL,1614,Hospira,Syringe (MFR),2018-07-02,2019-08-30,424,10176.0,764097,99.9,31.134,747.22,5.3409,86.1137,1.14,778.4121,316.819,Environmental ISS ambient estimate (not direct sample dosimeter),5816,183.2,-1.4,72.7,3,4,4,13,154.0,UCTWMZQNUQWSLP-VIFPVBQESA-N,,92.1,98.6,-6.59,EXTRACTED_AND_VERIFIED,2.0,2.1,ns,Nowadly et al. (2026) Figures 2 & 3,Calibrated optical digitization of UHPLC-MS/MS assay data
DS01_05,SpX-15,Lidocaine,Solution,10 mg/mL,1523,Fresenius Kabi,Multi-dose vial (MFR),2018-07-02,2019-08-30,424,10176.0,764097,99.9,31.134,747.22,5.3409,86.1137,1.14,778.4121,316.819,Environmental ISS ambient estimate (not direct sample dosimeter),3676,234.34,2.3,32.3,5,1,2,17,228.0,NNJVILVZKWQKPM-UHFFFAOYSA-N,,93.8,94.2,-0.42,EXTRACTED_AND_VERIFIED,2.5,2.7,ns,Nowadly et al. (2026) Figures 2 & 3,Calibrated optical digitization of UHPLC-MS/MS assay data
DS01_06,SpX-15,Naloxone,Solution,1 mg/mL,1462,International Mediation Systems,Syringe (MFR),2018-07-02,2019-08-30,424,10176.0,764097,99.9,31.134,747.22,5.3409,86.1137,1.14,778.4121,316.819,Environmental ISS ambient estimate (not direct sample dosimeter),5284596,327.4,2.1,70.0,2,2,5,24,594.0,UZHSEJADLWPNLE-GRGSLBFTSA-N,,91.9,93.5,-1.71,EXTRACTED_AND_VERIFIED,2.8,3.1,ns,Nowadly et al. (2026) Figures 2 & 3,Calibrated optical digitization of UHPLC-MS/MS assay data
DS01_07,SpX-15,Promethazine,Solution,25 mg/mL,1554,West-Ward,Single-dose vial (MFR),2018-07-02,2019-08-30,424,10176.0,764097,99.9,31.134,747.22,5.3409,86.1137,1.14,778.4121,316.819,Environmental ISS ambient estimate (not direct sample dosimeter),4927,284.4,4.8,31.8,3,0,3,20,298.0,PWWVAXIEGOYWEE-UHFFFAOYSA-N,,95.4,96.8,-1.45,EXTRACTED_AND_VERIFIED,2.2,2.4,ns,Nowadly et al. (2026) Figures 2 & 3,Calibrated optical digitization of UHPLC-MS/MS assay data
DS01_08,SpX-15,Promethazine,Tablet,25 mg,1676,McKesson,Blister pack (MFR),2018-07-02,2019-01-17,199,4776.0,354953,99.79,29.7908,714.98,5.3019,82.1209,1.14,775.0404,142.281,Environmental ISS ambient estimate (not direct sample dosimeter),4927,284.4,4.8,31.8,3,0,3,20,298.0,PWWVAXIEGOYWEE-UHFFFAOYSA-N,,94.1,95.2,-1.16,EXTRACTED_AND_VERIFIED,2.0,2.3,ns,Nowadly et al. (2026) Figures 2 & 3,Calibrated optical digitization of UHPLC-MS/MS assay data
DS01_09,SpX-16,Caffeine,Tablet,200 mg,853,Walgreens,Amber ziplock (JSC),2018-12-08,2019-08-30,265,6360.0,481689,100.0,31.9796,767.51,5.3596,88.516,1.14,778.4121,203.39,Environmental ISS ambient estimate (not direct sample dosimeter),2519,194.19,-0.1,58.4,0,0,3,14,293.0,RYYVLZVUVIJVGH-UHFFFAOYSA-N,,93.9,94.7,-0.84,EXTRACTED_AND_VERIFIED,2.4,2.6,ns,Nowadly et al. (2026) Figures 2 & 3,Calibrated optical digitization of UHPLC-MS/MS assay data
DS01_10,SpX-16,Promethazine,Tablet,25 mg,1310,Amneal,Blister pack (MFR),2018-12-08,2019-08-30,265,6360.0,481689,100.0,31.9796,767.51,5.3596,88.516,1.14,778.4121,203.39,Environmental ISS ambient estimate (not direct sample dosimeter),4927,284.4,4.8,31.8,3,0,3,20,298.0,PWWVAXIEGOYWEE-UHFFFAOYSA-N,,99.1,92.4,7.25,EXTRACTED_AND_VERIFIED,2.6,2.9,P=0.0286,Nowadly et al. (2026) Figures 2 & 3,Calibrated optical digitization of UHPLC-MS/MS assay data
DS01_11,SpX-17,Epinephrine,Autoinjector,0.1 mg/mL,1338,Hospira,Syringe (MFR),2019-05-06,2020-01-09,248,5952.0,323828,94.33,33.1951,796.68,5.401,91.8407,1.2074,778.4121,197.577,Environmental ISS ambient estimate (not direct sample dosimeter),5816,183.2,-1.4,72.7,3,4,4,13,154.0,UCTWMZQNUQWSLP-VIFPVBQESA-N,,100.8,93.1,8.27,EXTRACTED_AND_VERIFIED,2.4,2.7,P=0.0286,Nowadly et al. (2026) Figures 2 & 3,Calibrated optical digitization of UHPLC-MS/MS assay data
DS01_12,NG-11,Diphenhydramine,Solution,50 mg/mL,1065,Hikma,Single-dose vial (MFR),2019-04-19,2019-08-29,132,3168.0,240465,100.0,33.062,793.49,5.3903,91.7185,1.2549,778.4121,104.74,Environmental ISS ambient estimate (not direct sample dosimeter),3100,255.35,3.3,12.5,6,0,2,19,211.0,ZZVUWRFHKOJYTH-UHFFFAOYSA-N,,99.4,91.8,8.28,EXTRACTED_AND_VERIFIED,2.5,3.0,P=0.0286,Nowadly et al. (2026) Figures 2 & 3,Calibrated optical digitization of UHPLC-MS/MS assay data
DS01_13,NG-11,Lidocaine,Solution,10 mg/mL,945,Fresenius Kabi,Multi-dose vial (MFR),2019-04-19,2019-08-29,132,3168.0,240465,100.0,33.062,793.49,5.3903,91.7185,1.2549,778.4121,104.74,Environmental ISS ambient estimate (not direct sample dosimeter),3676,234.34,2.3,32.3,5,1,2,17,228.0,NNJVILVZKWQKPM-UHFFFAOYSA-N,,98.7,92.9,6.24,EXTRACTED_AND_VERIFIED,2.7,2.8,P=0.0286,Nowadly et al. (2026) Figures 2 & 3,Calibrated optical digitization of UHPLC-MS/MS assay data
DS01_14,NG-11,Promethazine,Solution,25 mg/mL,1096,Hikma,Single-dose vial (MFR),2019-04-19,2019-08-29,132,3168.0,240465,100.0,33.062,793.49,5.3903,91.7185,1.2549,778.4121,104.74,Environmental ISS ambient estimate (not direct sample dosimeter),4927,284.4,4.8,31.8,3,0,3,20,298.0,PWWVAXIEGOYWEE-UHFFFAOYSA-N,,74.2,84.6,-12.29,EXTRACTED_AND_VERIFIED,3.5,4.1,P<0.0001,Nowadly et al. (2026) Figures 2 & 3,Calibrated optical digitization of UHPLC-MS/MS assay data
DS01_15,SpX-18,Caffeine,Tablet,200 mg,670,Walgreens,Amber ziplock (JSC),2019-07-27,2020-01-09,166,3984.0,174513,91.53,33.2538,798.09,5.4173,91.6396,1.2074,776.8041,132.483,Environmental ISS ambient estimate (not direct sample dosimeter),2519,194.19,-0.1,58.4,0,0,3,14,293.0,RYYVLZVUVIJVGH-UHFFFAOYSA-N,,76.5,86.1,-11.15,EXTRACTED_AND_VERIFIED,3.2,3.8,P<0.0001,Nowadly et al. (2026) Figures 2 & 3,Calibrated optical digitization of UHPLC-MS/MS assay data
DS01_16,SpX-18,Diazepam,Solution,5 mg/mL,1278,Hospira,Multi-dose vial (MFR),2019-07-27,2020-01-09,166,3984.0,174513,91.53,33.2538,798.09,5.4173,91.6396,1.2074,776.8041,132.483,Environmental ISS ambient estimate (not direct sample dosimeter),3016,284.74,3.0,32.7,1,0,2,20,403.0,AAOVKJBEBIDNHE-UHFFFAOYSA-N,,79.8,81.3,-1.85,EXTRACTED_AND_VERIFIED,3.0,3.2,ns,Nowadly et al. (2026) Figures 2 & 3,Calibrated optical digitization of UHPLC-MS/MS assay data
DS01_17,SpX-18,Diphenhydramine,Capsule,25 mg,731,Major,Blister pack (MFR),2019-07-27,2020-04-09,257,6168.0,280683,94.53,31.6083,758.6,5.3353,89.2255,1.2074,776.8041,194.96,Environmental ISS ambient estimate (not direct sample dosimeter),3100,255.35,3.3,12.5,6,0,2,19,211.0,ZZVUWRFHKOJYTH-UHFFFAOYSA-N,,78.5,80.9,-2.97,EXTRACTED_AND_VERIFIED,2.9,3.4,ns,Nowadly et al. (2026) Figures 2 & 3,Calibrated optical digitization of UHPLC-MS/MS assay data
DS01_18,SpX-18,Diphenhydramine,Solution,50 mg/mL,1065,Hikma,Single-dose vial (MFR),2019-07-27,2020-04-09,257,6168.0,280683,94.53,31.6083,758.6,5.3353,89.2255,1.2074,776.8041,194.96,Environmental ISS ambient estimate (not direct sample dosimeter),3100,255.35,3.3,12.5,6,0,2,19,211.0,ZZVUWRFHKOJYTH-UHFFFAOYSA-N,,95.1,98.5,-3.45,EXTRACTED_AND_VERIFIED,2.1,2.3,P=0.0125,Nowadly et al. (2026) Figures 2 & 3,Calibrated optical digitization of UHPLC-MS/MS assay data
DS01_19,SpX-18,Ketamine,Solution,50 mg/mL,823,Mylan,Multi-dose vial (MFR),2019-07-27,2020-04-09,257,6168.0,280683,94.53,31.6083,758.6,5.3353,89.2255,1.2074,776.8041,194.96,Environmental ISS ambient estimate (not direct sample dosimeter),3821,237.72,2.2,29.1,2,1,2,16,269.0,YQEZLKZALYSWHR-UHFFFAOYSA-N,,96.4,99.2,-2.82,EXTRACTED_AND_VERIFIED,1.9,2.2,P=0.0125,Nowadly et al. (2026) Figures 2 & 3,Calibrated optical digitization of UHPLC-MS/MS assay data
DS01_20,SpX-18,Lidocaine,Solution,10 mg/mL,670,Fresenius Kabi,Multi-dose vial (MFR),2019-07-27,2020-04-09,257,6168.0,280683,94.53,31.6083,758.6,5.3353,89.2255,1.2074,776.8041,194.96,Environmental ISS ambient estimate (not direct sample dosimeter),3676,234.34,2.3,32.3,5,1,2,17,228.0,NNJVILVZKWQKPM-UHFFFAOYSA-N,,94.8,97.9,-3.17,EXTRACTED_AND_VERIFIED,2.2,2.5,P=0.0125,Nowadly et al. (2026) Figures 2 & 3,Calibrated optical digitization of UHPLC-MS/MS assay data
DS01_21,SpX-18,Naloxone,Solution,1 mg/mL,1096,International Mediation Systems,Syringe (MFR),2019-07-27,2020-04-09,257,6168.0,280683,94.53,31.6083,758.6,5.3353,89.2255,1.2074,776.8041,194.96,Environmental ISS ambient estimate (not direct sample dosimeter),5284596,327.4,2.1,70.0,2,2,5,24,594.0,UZHSEJADLWPNLE-GRGSLBFTSA-N,,95.3,98.1,-2.85,EXTRACTED_AND_VERIFIED,2.0,2.4,P=0.0125,Nowadly et al. (2026) Figures 2 & 3,Calibrated optical digitization of UHPLC-MS/MS assay data
DS01_22,SpX-18,Promethazine,Solution,25 mg/mL,1096,Hikma,Single-dose vial (MFR),2019-07-27,2020-04-09,257,6168.0,280683,94.53,31.6083,758.6,5.3353,89.2255,1.2074,776.8041,194.96,Environmental ISS ambient estimate (not direct sample dosimeter),4927,284.4,4.8,31.8,3,0,3,20,298.0,PWWVAXIEGOYWEE-UHFFFAOYSA-N,,93.1,96.4,-3.42,EXTRACTED_AND_VERIFIED,2.3,2.7,P=0.0080,Nowadly et al. (2026) Figures 2 & 3,Calibrated optical digitization of UHPLC-MS/MS assay data
DS01_23,SpX-18,Promethazine,Tablet,25 mg,1157,McKesson,Blister pack (MFR),2019-07-27,2020-04-09,257,6168.0,280683,94.53,31.6083,758.6,5.3353,89.2255,1.2074,776.8041,194.96,Environmental ISS ambient estimate (not direct sample dosimeter),4927,284.4,4.8,31.8,3,0,3,20,298.0,PWWVAXIEGOYWEE-UHFFFAOYSA-N,,92.5,95.8,-3.44,EXTRACTED_AND_VERIFIED,2.5,2.8,P=0.0080,Nowadly et al. (2026) Figures 2 & 3,Calibrated optical digitization of UHPLC-MS/MS assay data
DS01_24,SpX-20,Caffeine,Tablet,200 mg,549,Walgreens,Amber ziplock (JSC),2020-03-09,2021-01-16,313,7512.0,339409,90.32,29.0349,696.84,5.2027,86.222,0.0359,764.4428,218.11,Environmental ISS ambient estimate (not direct sample dosimeter),2519,194.19,-0.1,58.4,0,0,3,14,293.0,RYYVLZVUVIJVGH-UHFFFAOYSA-N,,91.8,95.1,-3.47,EXTRACTED_AND_VERIFIED,2.2,2.6,P=0.0080,Nowadly et al. (2026) Figures 2 & 3,Calibrated optical digitization of UHPLC-MS/MS assay data
DS01_25,SpX-20,Diazepam,Solution,5 mg/mL,930,Hospira,Multi-dose vial (MFR),2020-03-09,2022-11-06,972,23328.0,1335265,76.61,29.9611,719.07,5.205,89.9476,0.0359,865.2253,698.933,Environmental ISS ambient estimate (not direct sample dosimeter),3016,284.74,3.0,32.7,1,0,2,20,403.0,AAOVKJBEBIDNHE-UHFFFAOYSA-N,,77.2,79.5,-2.89,EXTRACTED_AND_VERIFIED,3.4,3.6,ns,Nowadly et al. (2026) Figures 2 & 3,Calibrated optical digitization of UHPLC-MS/MS assay data
DS01_26,SpX-20,Diphenhydramine,Capsule,25 mg,580,Major,Blister pack (MFR),2020-03-09,2021-07-12,490,11760.0,707221,93.81,29.8892,717.34,5.2114,89.4552,0.0359,865.2253,351.497,Environmental ISS ambient estimate (not direct sample dosimeter),3100,255.35,3.3,12.5,6,0,2,19,211.0,ZZVUWRFHKOJYTH-UHFFFAOYSA-N,,78.1,80.2,-2.62,EXTRACTED_AND_VERIFIED,3.1,3.5,ns,Nowadly et al. (2026) Figures 2 & 3,Calibrated optical digitization of UHPLC-MS/MS assay data
DS01_27,SpX-20,Diphenhydramine,Solution,50 mg/mL,823,Fresenius Kabi,Single-dose vial (MFR),2020-03-09,2021-07-12,490,11760.0,707221,93.81,29.8892,717.34,5.2114,89.4552,0.0359,865.2253,351.497,Environmental ISS ambient estimate (not direct sample dosimeter),3100,255.35,3.3,12.5,6,0,2,19,211.0,ZZVUWRFHKOJYTH-UHFFFAOYSA-N,,76.4,78.9,-3.17,EXTRACTED_AND_VERIFIED,3.3,3.7,ns,Nowadly et al. (2026) Figures 2 & 3,Calibrated optical digitization of UHPLC-MS/MS assay data
DS01_28,SpX-20,Ketamine,Solution,50 mg/mL,670,Mylan,Multi-dose vial (MFR),2020-03-09,2021-07-12,490,11760.0,707221,93.81,29.8892,717.34,5.2114,89.4552,0.0359,865.2253,351.497,Environmental ISS ambient estimate (not direct sample dosimeter),3821,237.72,2.2,29.1,2,1,2,16,269.0,YQEZLKZALYSWHR-UHFFFAOYSA-N,,75.8,79.1,-4.17,EXTRACTED_AND_VERIFIED,3.5,3.8,ns,Nowadly et al. (2026) Figures 2 & 3,Calibrated optical digitization of UHPLC-MS/MS assay data
DS01_29,SpX-20,Lidocaine,Solution,10 mg/mL,670,Fresenius Kabi,Multi-dose vial (MFR),2020-03-09,2021-07-12,490,11760.0,707221,93.81,29.8892,717.34,5.2114,89.4552,0.0359,865.2253,351.497,Environmental ISS ambient estimate (not direct sample dosimeter),3676,234.34,2.3,32.3,5,1,2,17,228.0,NNJVILVZKWQKPM-UHFFFAOYSA-N,,99.5,103.2,-3.59,EXTRACTED_AND_VERIFIED,2.1,2.3,P=0.0001,Nowadly et al. (2026) Figures 2 & 3,Calibrated optical digitization of UHPLC-MS/MS assay data
DS01_30,SpX-20,Naloxone,Solution,1 mg/mL,731,International Mediation Systems,Syringe (MFR),2020-03-09,2021-10-03,573,13752.0,905958,94.71,29.9381,718.51,5.2258,89.7277,0.0359,865.2253,411.708,Environmental ISS ambient estimate (not direct sample dosimeter),5284596,327.4,2.1,70.0,2,2,5,24,594.0,UZHSEJADLWPNLE-GRGSLBFTSA-N,,98.9,102.8,-3.79,EXTRACTED_AND_VERIFIED,2.0,2.4,P=0.0001,Nowadly et al. (2026) Figures 2 & 3,Calibrated optical digitization of UHPLC-MS/MS assay data
DS01_31,SpX-20,Promethazine,Solution,25 mg/mL,792,Hikma,Single-dose vial (MFR),2020-03-09,2021-07-12,490,11760.0,707221,93.81,29.8892,717.34,5.2114,89.4552,0.0359,865.2253,351.497,Environmental ISS ambient estimate (not direct sample dosimeter),4927,284.4,4.8,31.8,3,0,3,20,298.0,PWWVAXIEGOYWEE-UHFFFAOYSA-N,,99.8,103.6,-3.67,EXTRACTED_AND_VERIFIED,2.2,2.5,P=0.0001,Nowadly et al. (2026) Figures 2 & 3,Calibrated optical digitization of UHPLC-MS/MS assay data
DS01_32,SpX-20,Promethazine,Tablet,25 mg,1065,McKesson,Blister pack (MFR),2020-03-09,2021-01-16,313,7512.0,339409,90.32,29.0349,696.84,5.2027,86.222,0.0359,764.4428,218.11,Environmental ISS ambient estimate (not direct sample dosimeter),4927,284.4,4.8,31.8,3,0,3,20,298.0,PWWVAXIEGOYWEE-UHFFFAOYSA-N,,98.1,102.4,-4.2,EXTRACTED_AND_VERIFIED,2.3,2.6,P=0.0001,Nowadly et al. (2026) Figures 2 & 3,Calibrated optical digitization of UHPLC-MS/MS assay data
