validation_type,model,held_out_pair,r2,rmse,mae,median_ae,max_ae,worst_pair_mae,empirical_interval_coverage,mean_interval_width
LODO,A,Caffeine,-44.179533394697685,3.551268477000441,3.5117468218447967,3.319446821844797,4.389346821844796,3.5117468218447967,1.0,38.377022135611725
LODO,A,Diazepam,-10.222083844678307,2.1550150425074124,2.056758358056003,2.056758358056003,2.700058358056003,2.056758358056003,1.0,51.01069190144895
LODO,A,Diphenhydramine,-0.4705073976991041,5.257549329886318,4.6664166767017985,5.4176167369125885,7.453216736912589,4.6664166767017985,1.0,26.3075642008224
LODO,A,Epinephrine,-31.24909317539499,3.2463023141883935,3.195574282129101,3.195574282129101,3.767224282129101,3.195574282129101,1.0,88.9069246621667
LODO,A,Ketamine,-10.659095723972365,1.914875043084451,1.8309150145836037,1.8309150145836037,2.3917150145836037,1.8309150145836037,1.0,22.242389106325486
LODO,A,Lidocaine,-14.621401028303847,1.01308307865566,0.9801207080678532,0.9166957080678533,1.3581457080678532,0.9801207080678532,1.0,46.45958229860116
LODO,A,Naloxone,-116385.3181112546,6.52526085716764,6.525232824341363,6.526499491008029,6.54799949100803,6.525232824341362,1.0,129.91357450093471
LODO,A,Promethazine,-0.28954561437516757,0.6110197217641573,0.5365577998321892,0.5081311993287567,0.9764311993287569,0.5365577998321892,1.0,194.12996168008166
LODO,B,Caffeine,-34.80236602014943,3.1613202977121246,3.133190557461967,2.971391482610873,3.8439877646354166,3.133190557461967,1.0,32.66982694072969
LODO,B,Diazepam,-8.608421193412523,1.994066179355525,1.4652659726008377,1.4652659726008377,2.8177805038305994,1.4652659726008377,1.0,42.095859816324854
LODO,B,Diphenhydramine,-0.3350167341022052,5.009485272447225,4.528181981680621,5.597410932563964,6.902591379587221,4.528181981680621,1.0,24.918728624671797
LODO,B,Epinephrine,-22.23524850979899,2.7555219108627482,2.751426183008002,2.751426183008002,2.9016092736097985,2.751426183008002,1.0,77.57768710575965
LODO,B,Ketamine,-7.48055133456122,1.6331273373705493,1.6323754154804915,1.6323754154804915,1.6819274386673702,1.6323754154804915,1.0,19.563793831910452
LODO,B,Lidocaine,-22.117650014275856,1.2324148222053837,1.075677570712386,1.0578478973947816,1.868950632566833,1.075677570712386,1.0,38.2675717647821
LODO,B,Naloxone,-72608.17212642982,5.153979131161584,5.109211513195541,5.13586108303039,5.925739273697838,5.1092115131955405,1.0,112.7810244287985
LODO,B,Promethazine,-0.44149795922649937,0.6460169152114495,0.5076165418386173,0.4503451940990937,1.4474114051552154,0.5076165418386173,1.0,152.10604047980382
LTDO,A,Caffeine + Diazepam,-0.8344587857823571,3.3036769672204453,3.1917895775422616,3.2372717525469095,4.518121752546909,3.1917895775422616,1.0,49.84049864801668
LTDO,A,Caffeine + Diphenhydramine,0.43330125200112923,4.436928680601402,4.080315095011762,3.103544519149273,6.973187968532288,4.080315095011762,0.6363636363636364,21.760681646865702
LTDO,A,Caffeine + Epinephrine,-1.2519348209697578,4.059833423848268,3.794397988044461,4.337131266672145,5.617981266672144,3.794397988044461,1.0,87.99120775624117
LTDO,A,Caffeine + Ketamine,-1.471943261313399,2.8658256113674727,2.6490085163158965,2.9183592145719035,4.199209214571903,2.6490085163158965,1.0,74.87930073584826
LTDO,A,Caffeine + Lidocaine,-1.477931110310331,2.4693867086749033,1.8362835678158929,1.7567758033729886,4.3147921356317855,1.8362835678158929,1.0,65.0524196030533
LTDO,A,Caffeine + Naloxone,-8.360114273459772,4.199107718201685,4.063848444385096,4.0938157490690354,5.216792038139845,4.063848444385097,1.0,129.85663102969949
LTDO,A,Caffeine + Promethazine,-2.977178891280957,2.655694976058644,2.4658167234239694,2.361431784776941,4.515086600718027,2.4658167234239694,1.0,105.28671002202567
LTDO,A,Diazepam + Diphenhydramine,-0.07662487773180349,4.499820474838276,3.7360010646948743,2.5994904177461295,7.1257095822538705,3.7360010646948743,1.0,43.427858577151504
LTDO,A,Diazepam + Epinephrine,0.7506811937939074,2.677056124604371,2.543101810590298,2.578926810590298,3.6882963764298857,2.543101810590298,1.0,57.539070824434006
LTDO,A,Diazepam + Ketamine,-5.074310868555776,2.220422111834998,2.134040414245662,2.0927904142456617,2.8867940578213602,2.134040414245662,1.0,32.526774023763814
LTDO,A,Diazepam + Lidocaine,-1.3334679451682456,1.5844540650758336,1.4393292444672587,1.3161790948798757,2.799679543642025,1.4393292444672587,1.0,70.1294806499505
LTDO,A,Diazepam + Naloxone,-87.41392709838838,11.604075271271634,10.209647976758879,14.676486691678376,14.723286691678377,10.209647976758877,1.0,192.33587160415428
LTDO,A,Diazepam + Promethazine,0.06157477739087813,1.0918657119002093,0.822878700151924,0.58765,2.698937336837778,0.822878700151924,1.0,140.54529796529116
LTDO,A,Diphenhydramine + Epinephrine,0.441725317179289,5.6078461932252495,4.740329519621654,5.073169852870004,8.448225970854878,4.740329519621654,0.7777777777777778,273.6135144932834
LTDO,A,Diphenhydramine + Ketamine,0.03617753161087989,4.535802038524907,3.7280232635033363,2.5062906284699755,7.2189093715300245,3.7280232635033363,1.0,47.35213626147387
LTDO,A,Diphenhydramine + Lidocaine,0.21450631872610793,4.242901397453001,3.07318321432934,1.8822537106810486,7.5521462893189515,3.07318321432934,1.0,50.455568376618665
LTDO,A,Diphenhydramine + Naloxone,0.0708597383678704,4.740195473166136,4.484587150419143,4.2830810263619785,6.820978425105501,4.484587150419143,1.0,59.91185089223724
LTDO,A,Diphenhydramine + Promethazine,-1.3905228899545548,7.2903397758822095,6.557546481996409,8.07673616554272,9.121607905604401,6.55754648199641,1.0,56.04021428959504
LTDO,A,Epinephrine + Ketamine,0.6175591191926649,2.901690620084916,2.7651042632410556,2.759679263241056,4.010079360682793,2.7651042632410556,1.0,60.04948362091825
LTDO,A,Epinephrine + Lidocaine,0.6571810477679785,2.397795084802244,2.11624851130081,1.6038985891640307,4.183348355574369,2.11624851130081,1.0,175.00556557112523
LTDO,A,Epinephrine + Naloxone,0.007202011851956125,4.055574817398889,3.863569769668653,4.80202721207959,4.848827212079591,3.863569769668653,1.0,126.20241836933126
LTDO,A,Epinephrine + Promethazine,-4.547175098283794,7.83960036520867,7.745071896234668,8.06874144079619,9.181141440796189,7.745071896234668,1.0,3035.698356695433
LTDO,A,Ketamine + Lidocaine,-9.128222303603554,1.5841822263563161,1.4813579085169828,1.3916201740201322,2.6193569705295805,1.4813579085169828,1.0,60.843001379416386
LTDO,A,Ketamine + Naloxone,-72.7703345354513,5.334054613780088,4.781011084974937,6.666262690530521,6.713062690530522,4.781011084974937,1.0,72.1319484633145
LTDO,A,Ketamine + Promethazine,-1.0804550787885443,1.010084554548912,0.7901770877391103,0.58765,2.3912613003680154,0.7901770877391103,1.0,140.3495412550205
LTDO,A,Lidocaine + Naloxone,-389.6886145844449,5.289900982574983,4.255699015970391,1.917884610959057,7.899584889318836,4.255699015970391,1.0,111.32270864495653
LTDO,A,Lidocaine + Promethazine,-443.47116195470966,10.70121862407765,9.806286411417984,12.336307432938892,13.504657432938892,9.806286411417984,1.0,2616.1086168680486
LTDO,A,Naloxone + Promethazine,-82.65740917615445,4.206669388817844,3.553813950035895,2.548095142033121,7.175030771376626,3.5538139500358947,1.0,173.21878596339687
LTDO,B,Caffeine + Diazepam,-0.392793331097367,2.878637212766603,2.7290368676098367,2.9101362886147304,3.887777058662694,2.7290368676098367,1.0,43.737915770315446
LTDO,B,Caffeine + Diphenhydramine,0.47273471165349623,4.279774747837292,3.9623467733925612,2.82232387334102,6.61207612665898,3.962346773392562,0.6363636363636364,22.41737212928531
LTDO,B,Caffeine + Epinephrine,-0.9347930017382111,3.763115606572651,3.562647101824771,4.096850629947195,5.093424603779598,3.5626471018247705,1.0,77.538669533735
LTDO,B,Caffeine + Ketamine,-0.9458959381675489,2.5426718575150216,2.3757330847421105,2.6840654660016843,3.682715696291611,2.3757330847421105,1.0,62.1860623201099
LTDO,B,Caffeine + Lidocaine,-0.9607753358913973,2.1966375830120533,1.8259990179878534,1.7884625255059647,3.67377285384131,1.8259990179878536,1.0,54.182731011389585
LTDO,B,Caffeine + Naloxone,-5.517591912496787,3.5039671207549468,3.4174496988735976,3.375241139192555,4.803011245876574,3.417449698873598,1.0,114.32098918210684
LTDO,B,Caffeine + Promethazine,-2.4978773483650154,2.4905365386634455,2.3543856962746985,2.184112553688279,3.9164890030179667,2.354385696274699,1.0,87.78692505807048
LTDO,B,Diazepam + Diphenhydramine,0.01698965783838824,4.299738321075439,3.5957279182440356,2.833292082292548,6.601107917707452,3.5957279182440356,1.0,40.98334483004529
LTDO,B,Diazepam + Epinephrine,0.8211368874029256,2.2674637305523344,2.0364955743327546,2.567769298999444,2.698047349285714,2.0364955743327546,1.0,51.76138731899465
LTDO,B,Diazepam + Ketamine,-3.555184927311047,1.9228262517812895,1.6954842140356448,1.741204294251462,2.9216353972394984,1.6954842140356448,1.0,29.321817122455446
LTDO,B,Diazepam + Lidocaine,-1.8409178063659466,1.7482682392590765,1.4060493305578596,1.0835132799803964,3.186394319643437,1.4060493305578596,1.0,57.25166740592815
LTDO,B,Diazepam + Naloxone,-54.87567292039031,9.224898149817742,8.112700264024607,10.467504420029549,12.642446967918884,8.112700264024607,1.0,161.78212632862406
LTDO,B,Diazepam + Promethazine,-0.17480596025854322,1.2216659304441917,0.8250403633211476,0.394966482906541,3.099406265781605,0.8250403633211476,1.0,118.54355533201628
LTDO,B,Diphenhydramine + Epinephrine,0.4807354994459633,5.408370602784402,4.621604502714831,4.68754769040484,8.079720951398034,4.621604502714831,1.0,332.51188655741106
LTDO,B,Diphenhydramine + Ketamine,0.1262154260828089,4.318746923734253,3.60191136038507,2.7569649875912052,6.677435012408795,3.60191136038507,1.0,45.03839726596778
LTDO,B,Diphenhydramine + Lidocaine,0.30418430673048236,3.9933621840788818,3.01624509318335,2.2877012164942903,6.848580747792074,3.016245093183349,1.0,47.62619562775333
LTDO,B,Diphenhydramine + Naloxone,0.1866661471458081,4.4349633581180665,4.193201784153186,3.830067993408244,6.3824292253774555,4.193201784153186,1.0,56.73168274046636
LTDO,B,Diphenhydramine + Promethazine,-1.0170745102207701,6.696722254278584,6.080617206801038,7.365696508180884,8.500643008261488,6.080617206801037,1.0,52.772236726180445
LTDO,B,Epinephrine + Ketamine,0.7153120514364966,2.503533991900111,2.4380346536835353,2.3624588024765867,3.1660274163621747,2.4380346536835353,1.0,50.86354370903956
LTDO,B,Epinephrine + Lidocaine,0.7263265693286709,2.1423773697933393,1.8657171903457135,1.8898713269345568,3.1920387212021595,1.8657171903457135,1.0,147.80904323011134
LTDO,B,Epinephrine + Naloxone,0.3855420528920134,3.1905683758836685,3.0617192755555087,2.8652493344368315,4.44144667517083,3.0617192755555087,1.0,110.59966306419923
LTDO,B,Epinephrine + Promethazine,-3.5472979966374414,7.09797875153622,6.9992834277277085,7.1761504028923735,8.811813398980565,6.9992834277277085,1.0,3646.4341257939714
LTDO,B,Ketamine + Lidocaine,-8.483875298741795,1.5329621832798521,1.3765303673565654,1.6399760210826686,2.021991229303532,1.3765303673565654,1.0,50.29861350518286
LTDO,B,Ketamine + Naloxone,-46.64078372618955,4.2865316053009375,3.8730246332007425,4.507530548951965,6.096927914157687,3.8730246332007425,1.0,61.44192485069583
LTDO,B,Ketamine + Promethazine,-0.7236545772730241,0.9193982595602919,0.7161795332004119,0.5476425955401201,1.7288787065173878,0.7161795332004119,1.0,121.71049680515493
LTDO,B,Lidocaine + Naloxone,-248.94504387869583,4.231111109336435,3.4156360838497344,2.248884514159713,7.059992620602882,3.415636083849735,1.0,92.2945380310488
LTDO,B,Lidocaine + Promethazine,-309.91654411463463,8.950212741817873,8.20227154745079,10.298514615271827,11.347201446104114,8.202271547450788,1.0,3045.7960792545714
LTDO,B,Naloxone + Promethazine,-53.40047312496837,3.392247369208007,2.928214937277183,2.1160774982111383,6.416807241568714,2.928214937277184,1.0,153.868838058338
