model_family,feature_set,features,hyperparameters_selected_on_full_group_cv,training_r2,training_rmse_percent,training_mae_percent,lodo_r2,lodo_rmse_percent,lodo_mae_percent,lodo_median_absolute_error_percent,lodo_max_absolute_error_percent,complexity_note
OLS,FS-A_Chemistry_Core,"tpsa, xlogp, molecular_weight","{""label"": ""ordinary_least_squares""}",0.7322778230366259,2.3379928683331705,1.764671820960507,0.3625762840074286,3.607572910286074,2.7708450949306878,2.1265832630874173,7.453216736912583,Small predeclared feature set; nested group tuning
Ridge,FS-A_Chemistry_Core,"tpsa, xlogp, molecular_weight","{""alpha"": 0.1}",0.731946156141514,2.3394406281555646,1.770979863721781,-0.3494374076546911,5.249009764999885,4.3693938095923786,4.05498316232978,10.598952421119563,Small predeclared feature set; nested group tuning
ElasticNet,FS-A_Chemistry_Core,"tpsa, xlogp, molecular_weight","{""alpha"": 0.05, ""l1_ratio"": 0.8}",0.72208762882923,2.38207234989524,1.8201913407225616,-0.4429939762976294,5.427917864483245,4.451049556550085,4.099522552953481,10.14059452523323,Small predeclared feature set; nested group tuning
PLS,FS-A_Chemistry_Core,"tpsa, xlogp, molecular_weight","{""n_components"": 1}",0.47305821335447096,3.2800640780770647,2.4078874061506457,-0.7957447240851956,6.05512771547045,4.667219669505616,3.3582811931396153,10.934484371718844,Small predeclared feature set; nested group tuning
RandomForest,FS-A_Chemistry_Core,"tpsa, xlogp, molecular_weight","{""max_depth"": 2, ""max_features"": ""sqrt"", ""min_samples_leaf"": 5, ""n_estimators"": 50}",0.6144115964236383,2.805840568946103,1.8874045160202368,-0.12363131201314603,4.789750867366178,3.3641123826354886,2.389376121669791,11.524786981132344,Small predeclared feature set; nested group tuning
GradientBoosting,FS-A_Chemistry_Core,"tpsa, xlogp, molecular_weight","{""learning_rate"": 0.05, ""max_depth"": 1, ""min_samples_leaf"": 5, ""n_estimators"": 40}",0.6634121334828746,2.6215022592119452,1.7134933374447596,-0.08438625526912014,4.705361669011912,3.3171965024274765,2.2943810827064928,11.465293143327143,Small predeclared feature set; nested group tuning
GPR,FS-A_Chemistry_Core,"tpsa, xlogp, molecular_weight","{""kernel"": ""RBF"", ""length_scale"": 0.75, ""noise"": 0.3}",0.784277680284721,2.0986912365530013,1.3025771898087184,-0.18161822506450886,4.911787828793187,3.42166159446837,2.1870721277848073,11.766872127784808,Small predeclared feature set; nested group tuning
OLS,FS-B_Chemistry_Extended,"tpsa, xlogp, rotatable_bonds","{""label"": ""ordinary_least_squares""}",0.5568063521217517,3.008138110215008,2.496038521605922,-1.0725230899489042,6.505050868874561,5.421713073573568,6.5222542076247,11.28357957047668,Small predeclared feature set; nested group tuning
Ridge,FS-B_Chemistry_Extended,"tpsa, xlogp, rotatable_bonds","{""alpha"": 10.0}",0.5335342352106396,3.0861064041500654,2.506447177423041,-0.7262589468085718,5.9368213366137095,4.843786718478013,4.665859578306476,11.125900686233408,Small predeclared feature set; nested group tuning
ElasticNet,FS-B_Chemistry_Extended,"tpsa, xlogp, rotatable_bonds","{""alpha"": 0.2, ""l1_ratio"": 0.2}",0.5456434836198891,3.0457860184590273,2.5092601881719654,-0.7782207959320517,6.025510542597934,5.0046617212608036,5.503628155468906,11.116686776786814,Small predeclared feature set; nested group tuning
PLS,FS-B_Chemistry_Extended,"tpsa, xlogp, rotatable_bonds","{""n_components"": 1}",0.5211274623713634,3.1268782679564406,2.7377280679244653,-0.11677458064515456,4.775114264113402,4.026140091896322,3.879793630244368,9.921684713664986,Small predeclared feature set; nested group tuning
RandomForest,FS-B_Chemistry_Extended,"tpsa, xlogp, rotatable_bonds","{""max_depth"": 2, ""max_features"": ""sqrt"", ""min_samples_leaf"": 5, ""n_estimators"": 50}",0.6242171729243943,2.769934330034518,1.9539460071575396,-0.07954294076110613,4.694841870285878,3.3237556971347226,2.038594976113047,11.783565049110738,Small predeclared feature set; nested group tuning
GradientBoosting,FS-B_Chemistry_Extended,"tpsa, xlogp, rotatable_bonds","{""learning_rate"": 0.05, ""max_depth"": 1, ""min_samples_leaf"": 5, ""n_estimators"": 20}",0.5181526654542705,3.136575448168047,1.95621541665802,-0.08797854255013893,4.713149039574233,3.398767082226862,2.167306689090985,11.531520238435013,Small predeclared feature set; nested group tuning
GPR,FS-B_Chemistry_Extended,"tpsa, xlogp, rotatable_bonds","{""kernel"": ""Matern"", ""length_scale"": 0.75, ""noise"": 0.3}",0.7840438152809759,2.0998285261122214,1.3044784175573156,-0.4063804475876098,5.3586133060896834,4.132732653990146,2.864487815847107,12.327560284175128,Small predeclared feature set; nested group tuning
OLS,FS-C_Chemistry_Duration,"tpsa, xlogp, rotatable_bonds, days_in_space","{""label"": ""ordinary_least_squares""}",0.5568166426654466,3.0081031869297776,2.4974269965726195,-1.333675732707321,6.902735991156371,5.770227058601671,7.1355843110749175,11.476135296142196,Small predeclared feature set; nested group tuning
Ridge,FS-C_Chemistry_Duration,"tpsa, xlogp, rotatable_bonds, days_in_space","{""alpha"": 10.0}",0.5335337267180011,3.0861080862263064,2.5064208943077713,-0.8286044134000232,6.110276876776566,4.996222889077799,4.9674885006239595,11.285795708700133,Small predeclared feature set; nested group tuning
ElasticNet,FS-C_Chemistry_Duration,"tpsa, xlogp, rotatable_bonds, days_in_space","{""alpha"": 0.2, ""l1_ratio"": 0.2}",0.5456434836198891,3.0457860184590273,2.5092601881719654,-0.904150570384606,6.235218137743525,5.194831811131606,6.027453772319542,11.262380300074582,Small predeclared feature set; nested group tuning
PLS,FS-C_Chemistry_Duration,"tpsa, xlogp, rotatable_bonds, days_in_space","{""n_components"": 1}",0.520911383636553,3.1275836495001506,2.7340795350236275,-0.10891579316722688,4.758283266518401,3.99182518045665,3.7934708465295666,10.072513368141074,Small predeclared feature set; nested group tuning
RandomForest,FS-C_Chemistry_Duration,"tpsa, xlogp, rotatable_bonds, days_in_space","{""max_depth"": 1, ""max_features"": ""sqrt"", ""min_samples_leaf"": 5, ""n_estimators"": 50}",0.5743712411849466,2.9479254095214906,1.9612690211062738,-0.09996561020554773,4.73904204606169,3.650373100495217,2.3253373364447683,11.243914307977258,Small predeclared feature set; nested group tuning
GradientBoosting,FS-C_Chemistry_Duration,"tpsa, xlogp, rotatable_bonds, days_in_space","{""learning_rate"": 0.05, ""max_depth"": 1, ""min_samples_leaf"": 5, ""n_estimators"": 20}",0.5181526654542705,3.136575448168047,1.95621541665802,-0.07626310945719084,4.687704589222851,3.2831549088503698,2.176193553695202,11.531520238435013,Small predeclared feature set; nested group tuning
GPR,FS-C_Chemistry_Duration,"tpsa, xlogp, rotatable_bonds, days_in_space","{""kernel"": ""Matern"", ""length_scale"": 0.75, ""noise"": 0.3}",0.8127982135513506,1.9550415987957792,1.17590008554808,-0.44549400031306496,5.432617833008124,4.241227030093941,3.0723808386165343,12.286340287253314,Small predeclared feature set; nested group tuning
OLS,FS-D_Chemistry_Radiation,"tpsa, xlogp, rotatable_bonds, cumulative_dose_combined_mGy","{""label"": ""ordinary_least_squares""}",0.5568421903082783,3.0080164834783742,2.4982106735816867,-1.3402507625510052,6.912453230661645,5.761225353804646,7.098832372363928,11.530973481054305,Small predeclared feature set; nested group tuning
Ridge,FS-D_Chemistry_Radiation,"tpsa, xlogp, rotatable_bonds, cumulative_dose_combined_mGy","{""alpha"": 10.0}",0.5335968132085076,3.085899391275809,2.5073246114993157,-0.8410765538081011,6.13107927826781,4.998706557534668,4.9675558532250115,11.328162566425101,Small predeclared feature set; nested group tuning
ElasticNet,FS-D_Chemistry_Radiation,"tpsa, xlogp, rotatable_bonds, cumulative_dose_combined_mGy","{""alpha"": 0.2, ""l1_ratio"": 0.2}",0.5456434836198891,3.0457860184590273,2.5092601881719654,-0.9140290369481694,6.251370934592329,5.195193530025912,6.015561674204157,11.262647085436658,Small predeclared feature set; nested group tuning
PLS,FS-D_Chemistry_Radiation,"tpsa, xlogp, rotatable_bonds, cumulative_dose_combined_mGy","{""n_components"": 1}",0.5205462204842394,3.128775350496974,2.734686004521868,-0.10590402801068399,4.75181723206185,3.9859758128271583,3.7403382826018614,10.04590144181343,Small predeclared feature set; nested group tuning
RandomForest,FS-D_Chemistry_Radiation,"tpsa, xlogp, rotatable_bonds, cumulative_dose_combined_mGy","{""max_depth"": 1, ""max_features"": ""sqrt"", ""min_samples_leaf"": 5, ""n_estimators"": 50}",0.5743712411849466,2.9479254095214906,1.9612690211062738,-0.09996561020554773,4.73904204606169,3.650373100495217,2.3253373364447683,11.243914307977258,Small predeclared feature set; nested group tuning
GradientBoosting,FS-D_Chemistry_Radiation,"tpsa, xlogp, rotatable_bonds, cumulative_dose_combined_mGy","{""learning_rate"": 0.05, ""max_depth"": 1, ""min_samples_leaf"": 5, ""n_estimators"": 20}",0.5181526654542705,3.136575448168047,1.95621541665802,-0.07626310945719084,4.687704589222851,3.2831549088503698,2.176193553695202,11.531520238435013,Small predeclared feature set; nested group tuning
GPR,FS-D_Chemistry_Radiation,"tpsa, xlogp, rotatable_bonds, cumulative_dose_combined_mGy","{""kernel"": ""Matern"", ""length_scale"": 0.75, ""noise"": 0.3}",0.8121845078326186,1.9582435940727156,1.1764849521234744,-0.44521338965303303,5.432090496171289,4.23581959638262,3.0772893879271717,12.289874746659521,Small predeclared feature set; nested group tuning
OLS,FS-E_Chemistry_Formulation,"tpsa, xlogp, rotatable_bonds, is_solid","{""label"": ""ordinary_least_squares""}",0.6138704729028153,2.8078086960995705,2.3852324852264593,-1.3379482193437409,6.9090518560405485,6.273909100654308,6.38252076566603,11.50880013982647,Small predeclared feature set; nested group tuning
Ridge,FS-E_Chemistry_Formulation,"tpsa, xlogp, rotatable_bonds, is_solid","{""alpha"": 10.0}",0.5772367465471545,2.9379853366170767,2.3970224288665296,-0.701316619113223,5.8937753816714515,5.133140590389861,4.688047947328779,11.12489519679839,Small predeclared feature set; nested group tuning
ElasticNet,FS-E_Chemistry_Formulation,"tpsa, xlogp, rotatable_bonds, is_solid","{""alpha"": 0.2, ""l1_ratio"": 0.2}",0.5947513080951394,2.876483048602406,2.3947281214859726,-0.9181655649624043,6.2581224034091125,5.561456801320411,5.413156342007463,11.191268599629838,Small predeclared feature set; nested group tuning
PLS,FS-E_Chemistry_Formulation,"tpsa, xlogp, rotatable_bonds, is_solid","{""n_components"": 1}",0.5501527226068539,3.0306344549235065,2.6941642197007547,-0.11121425317429257,4.763211982729868,4.098957940916508,3.525717630479737,9.754962352992388,Small predeclared feature set; nested group tuning
RandomForest,FS-E_Chemistry_Formulation,"tpsa, xlogp, rotatable_bonds, is_solid","{""max_depth"": 1, ""max_features"": ""sqrt"", ""min_samples_leaf"": 5, ""n_estimators"": 50}",0.5741210626053792,2.948791656731087,1.9470165662333592,-0.10727235445520922,4.754756016543517,3.6542350708229936,2.2941586693817517,11.2888766921113,Small predeclared feature set; nested group tuning
GradientBoosting,FS-E_Chemistry_Formulation,"tpsa, xlogp, rotatable_bonds, is_solid","{""learning_rate"": 0.05, ""max_depth"": 1, ""min_samples_leaf"": 5, ""n_estimators"": 20}",0.5181526654542705,3.136575448168047,1.95621541665802,-0.09331739397876726,4.72469890371542,3.213145218011048,2.1281171262726817,11.531520238435013,Small predeclared feature set; nested group tuning
GPR,FS-E_Chemistry_Formulation,"tpsa, xlogp, rotatable_bonds, is_solid","{""kernel"": ""Matern"", ""length_scale"": 0.75, ""noise"": 0.3}",0.9789676065202046,0.6553078300602048,0.48084920326699027,-0.3650511726281547,5.2792894557168415,4.018399995486979,2.9034270929052726,11.905490671245227,Small predeclared feature set; nested group tuning
OLS,FS-F_Radiation_TPSA_Interaction,"tpsa, xlogp, rotatable_bonds, cumulative_dose_combined_mGy, radiation_x_tpsa","{""label"": ""ordinary_least_squares""}",0.5815924007568347,2.9228113829907425,2.420732394031904,-1.2606692135496491,6.793905757305372,5.7831729098135956,6.25115443138314,10.920143952819418,Small predeclared feature set; nested group tuning
Ridge,FS-F_Radiation_TPSA_Interaction,"tpsa, xlogp, rotatable_bonds, cumulative_dose_combined_mGy, radiation_x_tpsa","{""alpha"": 10.0}",0.5306657461201593,3.0955807274010296,2.515115763264025,-0.8067795630901764,6.073703581161667,4.929812211967464,4.96901600861403,11.286615136134646,Small predeclared feature set; nested group tuning
ElasticNet,FS-F_Radiation_TPSA_Interaction,"tpsa, xlogp, rotatable_bonds, cumulative_dose_combined_mGy, radiation_x_tpsa","{""alpha"": 0.2, ""l1_ratio"": 0.2}",0.5430974141624576,3.0543079048792685,2.516065580796228,-0.9428114009075457,6.298198292897209,5.226032899240561,6.02725072451859,11.262674936402949,Small predeclared feature set; nested group tuning
PLS,FS-F_Radiation_TPSA_Interaction,"tpsa, xlogp, rotatable_bonds, cumulative_dose_combined_mGy, radiation_x_tpsa","{""n_components"": 1}",0.5147051982834121,3.1477760584600825,2.676523966720759,-0.13290837244828402,4.809483081778998,3.8807479150264115,4.025855361699471,9.855598755266653,Small predeclared feature set; nested group tuning
RandomForest,FS-F_Radiation_TPSA_Interaction,"tpsa, xlogp, rotatable_bonds, cumulative_dose_combined_mGy, radiation_x_tpsa","{""max_depth"": 2, ""max_features"": ""sqrt"", ""min_samples_leaf"": 5, ""n_estimators"": 50}",0.646807900363011,2.685384627404358,1.9048902207307217,-0.04057757366511572,4.609334638312309,3.3554892846433524,2.1608380768180093,11.24684202463876,Small predeclared feature set; nested group tuning
GradientBoosting,FS-F_Radiation_TPSA_Interaction,"tpsa, xlogp, rotatable_bonds, cumulative_dose_combined_mGy, radiation_x_tpsa","{""learning_rate"": 0.05, ""max_depth"": 1, ""min_samples_leaf"": 5, ""n_estimators"": 20}",0.5166324753489221,3.1415193751385173,1.9400811580305115,-0.03678427922224836,4.600925593439113,3.1793666664336167,1.9609448893022472,11.456188257829453,Small predeclared feature set; nested group tuning
GPR,FS-F_Radiation_TPSA_Interaction,"tpsa, xlogp, rotatable_bonds, cumulative_dose_combined_mGy, radiation_x_tpsa","{""kernel"": ""Matern"", ""length_scale"": 0.75, ""noise"": 0.3}",0.8099230572703885,1.9699977366313224,1.1808733169672876,-0.40929295996340853,5.364159086997338,4.013290444248486,2.980430468478655,12.30995818212433,Small predeclared feature set; nested group tuning
OLS,FS-G_Radiation_XLogP_Interaction,"tpsa, xlogp, rotatable_bonds, cumulative_dose_combined_mGy, radiation_x_xlogp","{""label"": ""ordinary_least_squares""}",0.5580023589083791,3.0040764724566746,2.481798504510829,-1.3481179464097037,6.924062224581967,5.767188943501587,7.0892393294140685,11.664929777148224,Small predeclared feature set; nested group tuning
Ridge,FS-G_Radiation_XLogP_Interaction,"tpsa, xlogp, rotatable_bonds, cumulative_dose_combined_mGy, radiation_x_xlogp","{""alpha"": 10.0}",0.5338834772271133,3.084950906880074,2.5101855407500406,-0.8939595620720826,6.218510318035719,5.075650806866608,5.184490753714254,11.525265630998685,Small predeclared feature set; nested group tuning
ElasticNet,FS-G_Radiation_XLogP_Interaction,"tpsa, xlogp, rotatable_bonds, cumulative_dose_combined_mGy, radiation_x_xlogp","{""alpha"": 0.2, ""l1_ratio"": 0.2}",0.546008746010574,3.0445615012324554,2.508312464789058,-0.942903799186187,6.298348059303134,5.234828267518338,6.106838089075067,11.478247269672018,Small predeclared feature set; nested group tuning
PLS,FS-G_Radiation_XLogP_Interaction,"tpsa, xlogp, rotatable_bonds, cumulative_dose_combined_mGy, radiation_x_xlogp","{""n_components"": 1}",0.49102796476439503,3.223650635495393,2.68004430117696,-0.30159345222069067,5.155118891482198,4.237717917553839,3.4053697661805007,10.98999828853989,Small predeclared feature set; nested group tuning
RandomForest,FS-G_Radiation_XLogP_Interaction,"tpsa, xlogp, rotatable_bonds, cumulative_dose_combined_mGy, radiation_x_xlogp","{""max_depth"": 2, ""max_features"": ""sqrt"", ""min_samples_leaf"": 5, ""n_estimators"": 50}",0.6383567312720684,2.7173226021831733,1.9200142922743912,-0.06149476075548188,4.655431444731531,3.3016324243338717,2.2482024068024815,11.513308034937285,Small predeclared feature set; nested group tuning
GradientBoosting,FS-G_Radiation_XLogP_Interaction,"tpsa, xlogp, rotatable_bonds, cumulative_dose_combined_mGy, radiation_x_xlogp","{""learning_rate"": 0.05, ""max_depth"": 1, ""min_samples_leaf"": 5, ""n_estimators"": 20}",0.5181526654542705,3.136575448168047,1.95621541665802,-0.0920052010518908,4.7218627749526565,3.4335668138612614,2.376631917530932,11.504289877684796,Small predeclared feature set; nested group tuning
GPR,FS-G_Radiation_XLogP_Interaction,"tpsa, xlogp, rotatable_bonds, cumulative_dose_combined_mGy, radiation_x_xlogp","{""kernel"": ""Matern"", ""length_scale"": 0.75, ""noise"": 0.3}",0.811812638300111,1.9601812697626937,1.1730644332195301,-0.37048392794720364,5.289784522930698,4.048062838190303,3.0342426778808633,11.901438483027814,Small predeclared feature set; nested group tuning
OLS,FS-H_MeanRate_Duration,"tpsa, xlogp, rotatable_bonds, mean_dose_rate_uGy_h, days_in_space","{""label"": ""ordinary_least_squares""}",0.5647233801800173,2.981148968714703,2.4744408896574073,-1.5172307926485047,7.169065132364942,6.142670344586045,7.6821123880332784,11.38082914656082,Small predeclared feature set; nested group tuning
Ridge,FS-H_MeanRate_Duration,"tpsa, xlogp, rotatable_bonds, mean_dose_rate_uGy_h, days_in_space","{""alpha"": 10.0}",0.5415960668576378,3.0593219016203,2.4783367745326688,-0.855498711209475,6.155046477783342,5.092627568351163,4.968249996078699,11.161076366278142,Small predeclared feature set; nested group tuning
ElasticNet,FS-H_MeanRate_Duration,"tpsa, xlogp, rotatable_bonds, mean_dose_rate_uGy_h, days_in_space","{""alpha"": 0.2, ""l1_ratio"": 0.2}",0.5532942896933382,3.020033498870363,2.4824793691684737,-0.9569716444375655,6.321108933106541,5.346530379577835,6.030097320097438,11.162608297727608,Small predeclared feature set; nested group tuning
PLS,FS-H_MeanRate_Duration,"tpsa, xlogp, rotatable_bonds, mean_dose_rate_uGy_h, days_in_space","{""n_components"": 1}",0.528141135897368,3.1038953274963452,2.7229770419627126,-0.10987417083773865,4.760338989592188,4.005846346766056,3.916010400619249,9.934842092637055,Small predeclared feature set; nested group tuning
RandomForest,FS-H_MeanRate_Duration,"tpsa, xlogp, rotatable_bonds, mean_dose_rate_uGy_h, days_in_space","{""max_depth"": 2, ""max_features"": ""sqrt"", ""min_samples_leaf"": 5, ""n_estimators"": 50}",0.6221936055010422,2.7773822798542946,1.9753973139703742,-0.08842536821265679,4.714116769946943,3.3375449268172392,2.3200808951290757,11.460381327888289,Small predeclared feature set; nested group tuning
GradientBoosting,FS-H_MeanRate_Duration,"tpsa, xlogp, rotatable_bonds, mean_dose_rate_uGy_h, days_in_space","{""learning_rate"": 0.05, ""max_depth"": 1, ""min_samples_leaf"": 5, ""n_estimators"": 20}",0.5181526654542705,3.136575448168047,1.95621541665802,-0.1281294610354382,4.799328516911298,3.532474599556438,2.4046671262726815,11.531520238435013,Small predeclared feature set; nested group tuning
GPR,FS-H_MeanRate_Duration,"tpsa, xlogp, rotatable_bonds, mean_dose_rate_uGy_h, days_in_space","{""kernel"": ""Matern"", ""length_scale"": 0.75, ""noise"": 0.3}",0.8070900354943807,1.9846244560302766,1.2145956827198932,-0.4299346049573556,5.4033001920686505,4.194974378192805,2.961482957150754,12.291181591539786,Small predeclared feature set; nested group tuning
